[
  {
    "flipbook_texture": "textures/blocks/fire_0",
    "atlas_tile": "fire_0",
    "frames": [ 16, 17, 18, 19, 20, 21, 22, 23, 24, 25, 26, 27, 28, 29, 30, 31, 0, 1, 2, 3, 4, 5, 6, 7, 8, 9, 10, 11, 12, 13, 14, 15 ],
    "blend_frames": false
  },
  {
    "flipbook_texture": "textures/blocks/fire_1",
    "atlas_tile": "fire_1",
    "frames": [ 16, 17, 18, 19, 20, 21, 22, 23, 24, 25, 26, 27, 28, 29, 30, 31, 0, 1, 2, 3, 4, 5, 6, 7, 8, 9, 10, 11, 12, 13, 14, 15 ],
    "blend_frames": false
  },
  {
    "flipbook_texture": "textures/blocks/water_still_grey",
    "atlas_tile": "still_water_grey",
    "ticks_per_frame": 2,
    "blend_frames": false
  },
  {
    "flipbook_texture": "textures/blocks/water_flow_grey",
    "atlas_tile": "flowing_water_grey",
    "ticks_per_frame": 2,
    "blend_frames": false
  },
  {
    "flipbook_texture": "textures/blocks/cauldron_water",
    "atlas_tile": "cauldron_water",
    "ticks_per_frame": 2,
    "blend_frames": false
  },
  {
    "flipbook_texture": "textures/blocks/lava_still",
    "atlas_tile": "still_lava",
    "frames": [ 0, 1, 2, 3, 4, 5, 6, 7, 8, 9, 10, 11, 12, 13, 14, 15, 16, 17, 18, 19, 18, 17, 16, 15, 14, 13, 12, 11, 10, 9, 8, 7, 6, 5, 4, 3, 2, 1, 0 ],
    "ticks_per_frame": 2,
    "blend_frames": false
  },
  {
    "flipbook_texture": "textures/blocks/lava_flow",
    "atlas_tile": "flowing_lava",
    "ticks_per_frame": 3,
    "blend_frames": false
  },
  {
    "flipbook_texture": "textures/blocks/magma",
    "atlas_tile": "magma",
    "frames": [ 0, 1, 2 ],
    "ticks_per_frame": 8,
    "blend_frames": true
  },
  {
    "flipbook_texture": "textures/blocks/bubble_column_outer_a",
    "atlas_index": 0,
    "atlas_tile_variant": 0,
    "atlas_tile": "bubble_column_outer",
    "ticks_per_frame": 1,
    "frames": [ 0, 1, 2, 3, 4, 5, 6, 7, 8, 9, 10, 11, 12, 13, 14, 15, 16, 17, 18, 19, 20, 21, 22, 23, 24, 25, 26, 27, 28, 29, 30, 31 ],
    "blend_frames": false
  },
  {
    "flipbook_texture": "textures/blocks/bubble_column_outer_b",
    "atlas_index": 1,
    "atlas_tile_variant": 1,
    "atlas_tile": "bubble_column_outer",
    "ticks_per_frame": 1,
    "frames": [ 7, 8, 9, 10, 11, 12, 13, 14, 15, 16, 17, 18, 19, 20, 21, 22, 23, 24, 25, 26, 27, 28, 29, 30, 31, 0, 1, 2, 3, 4, 5, 6 ],
    "blend_frames": false
  },
  {
    "flipbook_texture": "textures/blocks/bubble_column_outer_c",
    "atlas_index": 2,
    "atlas_tile_variant": 2,
    "atlas_tile": "bubble_column_outer",
    "ticks_per_frame": 1,
    "frames": [ 14, 15, 16, 17, 18, 19, 20, 21, 22, 23, 24, 25, 26, 27, 28, 29, 30, 31, 0, 1, 2, 3, 4, 5, 6, 7, 8, 9, 10, 11, 12, 13 ],
    "blend_frames": false
  },
  {
    "flipbook_texture": "textures/blocks/bubble_column_outer_d",
    "atlas_index": 3,
    "atlas_tile_variant": 3,
    "atlas_tile": "bubble_column_outer",
    "ticks_per_frame": 1,
    "frames": [ 25, 26, 27, 28, 29, 30, 31, 0, 1, 2, 3, 4, 5, 6, 7, 8, 9, 10, 11, 12, 13, 14, 15, 16, 17, 18, 19, 20, 21, 22, 23, 24 ],
    "blend_frames": false
  },
  {
    "flipbook_texture": "textures/blocks/bubble_column_outer_e",
    "atlas_index": 4,
    "atlas_tile_variant": 4,
    "atlas_tile": "bubble_column_outer",
    "ticks_per_frame": 1,
    "frames": [ 31, 30, 29, 28, 27, 26, 25, 24, 23, 22, 21, 20, 19, 18, 17, 16, 15, 14, 13, 12, 11, 10, 9, 8, 7, 6, 5, 4, 3, 2, 1, 0 ],
    "blend_frames": false
  },
  {
    "flipbook_texture": "textures/blocks/bubble_column_outer_f",
    "atlas_index": 5,
    "atlas_tile_variant": 5,
    "atlas_tile": "bubble_column_outer",
    "ticks_per_frame": 1,
    "frames": [ 24, 23, 22, 21, 20, 19, 18, 17, 16, 15, 14, 13, 12, 11, 10, 9, 8, 7, 6, 5, 4, 3, 2, 1, 0, 31, 30, 29, 28, 27, 26, 25 ],
    "blend_frames": false
  },
  {
    "flipbook_texture": "textures/blocks/bubble_column_outer_g",
    "atlas_index": 6,
    "atlas_tile_variant": 6,
    "atlas_tile": "bubble_column_outer",
    "ticks_per_frame": 1,
    "frames": [ 17, 16, 15, 14, 13, 12, 11, 10, 9, 8, 7, 6, 5, 4, 3, 2, 1, 0, 31, 30, 29, 28, 27, 26, 25, 24, 23, 22, 21, 20, 19, 18 ],
    "blend_frames": false
  },
  {
    "flipbook_texture": "textures/blocks/bubble_column_outer_h",
    "atlas_index": 7,
    "atlas_tile_variant": 7,
    "atlas_tile": "bubble_column_outer",
    "ticks_per_frame": 1,
    "frames": [ 9, 8, 7, 6, 5, 4, 3, 2, 1, 0, 31, 30, 29, 28, 27, 26, 25, 24, 23, 22, 21, 20, 19, 18, 17, 16, 15, 14, 13, 12, 11, 10 ],
    "blend_frames": false
  },
  {
    "flipbook_texture": "textures/blocks/bubble_column_up_top_a",
    "atlas_index": 0,
    "atlas_tile_variant": 0,
    "atlas_tile": "bubble_column_up_top",
    "ticks_per_frame": 2,
    "frames": [ 0, 1, 2, 3, 4, 5, 6, 7, 8, 9, 10, 11 ],
    "blend_frames": false
  },
  {
    "flipbook_texture": "textures/blocks/bubble_column_up_top_b",
    "atlas_index": 1,
    "atlas_tile_variant": 1,
    "atlas_tile": "bubble_column_up_top",
    "ticks_per_frame": 2,
    "frames": [ 9, 10, 11, 0, 1, 2, 3, 4, 5, 6, 7, 8 ],
    "blend_frames": false
  },
  {
    "flipbook_texture": "textures/blocks/bubble_column_up_top_c",
    "atlas_index": 2,
    "atlas_tile_variant": 2,
    "atlas_tile": "bubble_column_up_top",
    "ticks_per_frame": 2,
    "frames": [ 5, 6, 7, 8, 9, 10, 11, 0, 1, 2, 3, 4 ],
    "blend_frames": false
  },
  {
    "flipbook_texture": "textures/blocks/bubble_column_up_top_d",
    "atlas_index": 3,
    "atlas_tile_variant": 3,
    "atlas_tile": "bubble_column_up_top",
    "ticks_per_frame": 2,
    "frames": [ 3, 4, 5, 6, 7, 8, 9, 10, 11, 0, 1, 2 ],
    "blend_frames": false
  },
  {
    "flipbook_texture": "textures/blocks/bubble_column_down_top_a",
    "atlas_index": 0,
    "atlas_tile_variant": 0,
    "atlas_tile": "bubble_column_down_top",
    "ticks_per_frame": 2,
    "frames": [ 0, 1, 2, 3, 4, 5, 6, 7, 8, 9, 10, 11, 12, 13, 14, 15, 16, 17, 18, 19, 20 ],
    "blend_frames": false
  },
  {
    "flipbook_texture": "textures/blocks/bubble_column_down_top_b",
    "atlas_index": 1,
    "atlas_tile_variant": 1,
    "atlas_tile": "bubble_column_down_top",
    "ticks_per_frame": 2,
    "frames": [ 7, 8, 9, 10, 11, 12, 13, 14, 15, 16, 17, 18, 19, 20, 0, 1, 2, 3, 4, 5, 6 ],
    "blend_frames": false
  },
  {
    "flipbook_texture": "textures/blocks/bubble_column_down_top_c",
    "atlas_index": 2,
    "atlas_tile_variant": 2,
    "atlas_tile": "bubble_column_down_top",
    "ticks_per_frame": 2,
    "frames": [ 12, 13, 14, 15, 16, 17, 18, 19, 20, 0, 1, 2, 3, 4, 5, 6, 7, 8, 9, 10, 11 ],
    "blend_frames": false
  },
  {
    "flipbook_texture": "textures/blocks/bubble_column_down_top_d",
    "atlas_index": 3,
    "atlas_tile_variant": 3,
    "atlas_tile": "bubble_column_down_top",
    "ticks_per_frame": 2,
    "frames": [ 17, 18, 19, 20, 0, 1, 2, 3, 4, 5, 6, 7, 8, 9, 10, 11, 12, 13, 14, 15, 16 ],
    "blend_frames": false
  },
  {
    "flipbook_texture": "textures/blocks/bubble_column_inner_a",
    "atlas_index": 0,
    "atlas_tile_variant": 0,
    "atlas_tile": "bubble_column_mid",
    "ticks_per_frame": 1,
    "frames": [ 0, 1, 2, 3, 4, 5, 6, 7, 8, 9, 10, 11, 12, 13, 14, 15, 16, 17, 18, 19, 20, 21, 22, 23, 24, 25, 26, 27, 28, 29, 30, 31 ],
    "blend_frames": false
  },
  {
    "flipbook_texture": "textures/blocks/bubble_column_inner_b",
    "atlas_index": 1,
    "atlas_tile_variant": 1,
    "atlas_tile": "bubble_column_mid",
    "ticks_per_frame": 1,
    "frames": [ 31, 30, 29, 28, 27, 26, 25, 24, 23, 22, 21, 20, 19, 18, 17, 16, 15, 14, 13, 12, 11, 10, 9, 8, 7, 6, 5, 4, 3, 2, 1, 0 ],
    "blend_frames": false
  },
  {
    "flipbook_texture": "textures/blocks/kelp_a",
    "atlas_tile": "kelp_a",
    "ticks_per_frame": 2,
    "blend_frames": false
  },
  {
    "flipbook_texture": "textures/blocks/kelp_b",
    "atlas_tile": "kelp_b",
    "ticks_per_frame": 2,
    "blend_frames": false
  },
  {
    "flipbook_texture": "textures/blocks/kelp_c",
    "atlas_tile": "kelp_c",
    "ticks_per_frame": 2,
    "blend_frames": false
  },
  {
    "flipbook_texture": "textures/blocks/kelp_d",
    "atlas_tile": "kelp_d",
    "ticks_per_frame": 2,
    "blend_frames": false
  },
  {
    "flipbook_texture": "textures/blocks/kelp_top",
    "atlas_tile": "kelp_top",
    "ticks_per_frame": 2,
    "blend_frames": false
  },
  {
    "flipbook_texture": "textures/blocks/kelp_top_bulb",
    "atlas_tile": "kelp_top_bulb",
    "ticks_per_frame": 2,
    "blend_frames": false
  },
  {
    "flipbook_texture": "textures/blocks/prismarine_rough",
    "atlas_tile": "prismarine",
    "ticks_per_frame": 300,
    "frames": [ 0, 1, 0, 2, 0, 3, 0, 1, 2, 1, 3, 1, 0, 2, 1, 2, 3, 2, 0, 3, 1, 3 ]
  },
  {
    "flipbook_texture": "textures/blocks/portal",
    "atlas_tile": "portal",
    "blend_frames": false
  },
  {
    "flipbook_texture": "textures/blocks/sea_lantern",
    "atlas_tile": "sea_lantern",
    "ticks_per_frame": 5,
    "blend_frames": false
  },
  {
    "flipbook_texture": "textures/blocks/command_block_front",
    "atlas_tile": "command_block_front",
    "ticks_per_frame": 10
  },
  {
    "flipbook_texture": "textures/blocks/command_block_back",
    "atlas_tile": "command_block_back",
    "ticks_per_frame": 10
  },
  {
    "flipbook_texture": "textures/blocks/command_block_side",
    "atlas_tile": "command_block_side",
    "ticks_per_frame": 10
  },
  {
    "flipbook_texture": "textures/blocks/command_block_conditional",
    "atlas_tile": "command_block_conditional_side",
    "ticks_per_frame": 10
  },
  {
    "flipbook_texture": "textures/blocks/repeating_command_block_front",
    "atlas_tile": "command_block_repeating_front",
    "ticks_per_frame": 10
  },
  {
    "flipbook_texture": "textures/blocks/repeating_command_block_back",
    "atlas_tile": "command_block_repeating_back",
    "ticks_per_frame": 10
  },
  {
    "flipbook_texture": "textures/blocks/repeating_command_block_side",
    "atlas_tile": "command_block_repeating_side",
    "ticks_per_frame": 10
  },
  {
    "flipbook_texture": "textures/blocks/repeating_command_block_conditional",
    "atlas_tile": "command_block_repeating_conditional_side",
    "ticks_per_frame": 10
  },
  {
    "flipbook_texture": "textures/blocks/chain_command_block_front",
    "atlas_tile": "command_block_chain_front",
    "ticks_per_frame": 10
  },
  {
    "flipbook_texture": "textures/blocks/chain_command_block_back",
    "atlas_tile": "command_block_chain_back",
    "ticks_per_frame": 10
  },
  {
    "flipbook_texture": "textures/blocks/chain_command_block_side",
    "atlas_tile": "command_block_chain_side",
    "ticks_per_frame": 10
  },
  {
    "flipbook_texture": "textures/blocks/seagrass",
    "atlas_tile": "seagrass_short",
    "ticks_per_frame": 2,
    "blend_frames": false
  },
  {
    "flipbook_texture": "textures/blocks/seagrass_doubletall_bottom_a",
    "atlas_tile": "seagrass_tall_bot_a",
    "ticks_per_frame": 2,
    "blend_frames": false
  },
  {
    "flipbook_texture": "textures/blocks/seagrass_doubletall_bottom_b",
    "atlas_tile": "seagrass_tall_bot_b",
    "ticks_per_frame": 2,
    "blend_frames": false
  },
  {
    "flipbook_texture": "textures/blocks/seagrass_doubletall_top_a",
    "atlas_tile": "seagrass_tall_top_a",
    "ticks_per_frame": 2,
    "blend_frames": false
  },
  {
    "flipbook_texture": "textures/blocks/seagrass_doubletall_top_b",
    "atlas_tile": "seagrass_tall_top_b",
    "ticks_per_frame": 2,
    "blend_frames": false
  },
  {
    "flipbook_texture": "textures/blocks/chain_command_block_conditional",
    "atlas_tile": "command_block_chain_conditional_side",
    "ticks_per_frame": 10
  },
  {
    "flipbook_texture": "textures/blocks/blast_furnace_front_on",
    "atlas_tile": "blast_furnace_front_on",
    "ticks_per_frame": 10
  },
  {
    "flipbook_texture": "textures/blocks/smoker_front_on",
    "atlas_tile": "smoker_front_on",
    "ticks_per_frame": 4,
    "blend_frames": false
  },
  {
    "flipbook_texture": "textures/blocks/campfire",
    "atlas_tile": "campfire_fire",
    "ticks_per_frame": 2,
    "blend_frames": false
  },
  { 
    "flipbook_texture": "textures/blocks/lantern",
    "atlas_tile": "lantern",
    "frames": [ 0, 1, 2, 1 ],
    "ticks_per_frame": 8,
    "blend_frames": false
  },
  { 
    "flipbook_texture": "textures/blocks/soul_lantern",
    "atlas_tile": "soul_lantern",
    "frames": [ 0, 1, 2, 1 ],
    "ticks_per_frame": 8,
    "blend_frames": false
  },
  {
    "flipbook_texture": "textures/blocks/stonecutter2_saw",
    "atlas_tile": "stonecutter2_saw",
    "ticks_per_frame": 1,
    "blend_frames": false
  },
  {
    "flipbook_texture": "textures/blocks/campfire_log_lit",
    "atlas_tile": "campfire_log_lit",
    "ticks_per_frame": 20
  },
  {
    "flipbook_texture": "textures/blocks/blue_fire_0",
    "atlas_tile": "blue_fire_0",
    "frames": [ 16, 17, 18, 19, 20, 21, 22, 23, 24, 25, 26, 27, 28, 29, 30, 31, 0, 1, 2, 3, 4, 5, 6, 7, 8, 9, 10, 11, 12, 13, 14, 15 ],
    "blend_frames": false
  },
  {
    "flipbook_texture": "textures/blocks/blue_fire_1",
    "atlas_tile": "blue_fire_1",
    "frames": [ 0, 1, 2, 3, 4, 5, 6, 7, 8, 9, 10, 11, 12, 13, 14, 15, 16, 17, 18, 19, 20, 21, 22, 23, 24, 25, 26, 27, 28, 29, 30, 31 ],
    "blend_frames": false
  },
  {
    "flipbook_texture": "textures/blocks/respawn_anchor_top",
    "atlas_tile": "respawn_anchor_top",
    "atlas_index": 1,
    "atlas_tile_variant": 1,
    "frames": [ 0, 1, 2, 3, 4, 5, 6, 7, 8, 9, 10, 11, 12, 13, 14, 15, 16, 17, 18, 19, 20, 21, 22, 23, 24, 25, 26, 27, 28, 29, 30, 31 ],
    "blend_frames": false
  },
  {
    "flipbook_texture": "textures/blocks/respawn_anchor_top",
    "atlas_tile": "respawn_anchor_top",
    "atlas_index": 2,
    "atlas_tile_variant": 2,
    "frames": [ 0, 1, 2, 3, 4, 5, 6, 7, 8, 9, 10, 11, 12, 13, 14, 15, 16, 17, 18, 19, 20, 21, 22, 23, 24, 25, 26, 27, 28, 29, 30, 31 ],
    "blend_frames": false
  },
  {
    "flipbook_texture": "textures/blocks/respawn_anchor_top",
    "atlas_tile": "respawn_anchor_top",
    "atlas_index": 3,
    "atlas_tile_variant": 3,
    "frames": [ 0, 1, 2, 3, 4, 5, 6, 7, 8, 9, 10, 11, 12, 13, 14, 15, 16, 17, 18, 19, 20, 21, 22, 23, 24, 25, 26, 27, 28, 29, 30, 31 ],
    "blend_frames": false
  },
  {
    "flipbook_texture": "textures/blocks/respawn_anchor_top",
    "atlas_tile": "respawn_anchor_top",
    "atlas_index": 4,
    "atlas_tile_variant": 4,
    "frames": [ 0, 1, 2, 3, 4, 5, 6, 7, 8, 9, 10, 11, 12, 13, 14, 15, 16, 17, 18, 19, 20, 21, 22, 23, 24, 25, 26, 27, 28, 29, 30, 31 ],
    "blend_frames": false
  },
  {
    "flipbook_texture": "textures/blocks/respawn_anchor_top_off",
    "atlas_tile": "respawn_anchor_top",
    "atlas_index": 0,
    "atlas_tile_variant": 0,
    "frames": [ 0 ],
    "blend_frames": false
  },
  { 
    "flipbook_texture": "textures/blocks/soul_campfire",
    "atlas_tile": "soul_campfire_fire",
    "ticks_per_frame": 2,
    "blend_frames": false
  },
  {
    "flipbook_texture": "textures/blocks/soul_campfire_log_lit",
    "atlas_tile": "soul_campfire_log_lit",
    "frames": [ 0, 1, 2, 3 ],
    "ticks_per_frame": 20
  }
]
