{
  "resource_pack_name": "vanilla",
  "texture_name": "atlas.terrain",
  "padding": 8,
  "num_mip_levels": 2.5,
  "texture_data": {
    "missing": {
      "textures": "textures/misc/missing_texture"
    },
    "grass_side": {
      "textures": [
        {
          "path": "textures/blocks/grass_side",
          "overlay_color": "#79c05a"
        },
        {
          "path": "textures/blocks/grass_side",
          "overlay_color": "#8ab689"
        },
        {
          "path": "textures/blocks/grass_side",
          "overlay_color": "#bfb755"
        },
        {
          "path": "textures/blocks/grass_side",
          "overlay_color": "#59c93c"
        },
        {
          "path": "textures/blocks/grass_side",
          "overlay_color": "#55c93f"
        },
        {
          "path": "textures/blocks/grass_side",
          "overlay_color": "#88bb66"
        },
        {
          "path": "textures/blocks/grass_side",
          "overlay_color": "#86b87f"
        },
        {
          "path": "textures/blocks/grass_side",
          "overlay_color": "#64c73f"
        },
        {
          "path": "textures/blocks/grass_side",
          "overlay_color": "#86b783"
        },
        {
          "path": "textures/blocks/grass_side",
          "overlay_color": "#83b593"
        },
        {
          "path": "textures/blocks/grass_side",
          "overlay_color": "#80b497"
        },
        {
          "path": "textures/blocks/grass_side",
          "overlay_color": "#91bd59"
        },
        {
          "path": "textures/blocks/grass_side",
          "overlay_color": "#90814d"
        },
        {
          "path": "textures/blocks/grass_side",
          "overlay_color": "#8eb971"
        },
        {
          "path": "textures/blocks/grass_side",
          "overlay_color": "#6a7039"
        },
        {
          "path": "textures/blocks/grass_side",
          "overlay_color": "#507a32"
        },
        "textures/blocks/grass_side_snowed"
      ]
    },
    "grass_top": {
      "textures": [
        "textures/blocks/grass_top",
        "textures/blocks/grass_top",
        "textures/blocks/grass_top",
        "textures/blocks/grass_top",
        "textures/blocks/grass_top",
        "textures/blocks/grass_top",
        "textures/blocks/grass_top",
        "textures/blocks/grass_top",
        "textures/blocks/grass_top",
        "textures/blocks/grass_top",
        "textures/blocks/grass_top",
        "textures/blocks/grass_top",
        "textures/blocks/grass_top",
        "textures/blocks/grass_top",
        "textures/blocks/grass_top",
        "textures/blocks/grass_top",
        "textures/blocks/grass_top"
      ]
    },
    "grass_bottom": {
      "textures": [
        "textures/blocks/dirt",
        "textures/blocks/dirt",
        "textures/blocks/dirt",
        "textures/blocks/dirt",
        "textures/blocks/dirt",
        "textures/blocks/dirt",
        "textures/blocks/dirt",
        "textures/blocks/dirt",
        "textures/blocks/dirt",
        "textures/blocks/dirt",
        "textures/blocks/dirt",
        "textures/blocks/dirt",
        "textures/blocks/dirt",
        "textures/blocks/dirt",
        "textures/blocks/dirt",
        "textures/blocks/dirt",
        "textures/blocks/dirt"
      ]
    },
    "grass_carried_top": {
      "textures": "textures/blocks/grass_carried"
    },
    "grass_carried_bottom": {
      "textures": "textures/blocks/dirt"
    },
    "grass_carried": {
      "textures": "textures/blocks/grass_side_carried"
    },
    "destroy": {
      "textures": [
        "textures/environment/destroy_stage_0",
        "textures/environment/destroy_stage_1",
        "textures/environment/destroy_stage_2",
        "textures/environment/destroy_stage_3",
        "textures/environment/destroy_stage_4",
        "textures/environment/destroy_stage_5",
        "textures/environment/destroy_stage_6",
        "textures/environment/destroy_stage_7",
        "textures/environment/destroy_stage_8",
        "textures/environment/destroy_stage_9"
      ]
    },
    "chest_inventory": {
      "textures": [
        "textures/blocks/chest_top",
        "textures/blocks/chest_side",
        "textures/blocks/chest_front"
      ]
    },
    "chest_inventory_top": {
      "textures": [
        "textures/blocks/chest_top"
      ]
    },
    "chest_inventory_side": {
      "textures": [
        "textures/blocks/chest_side"
      ]
    },
    "chest_inventory_front": {
      "textures": [
        "textures/blocks/chest_front"
      ]
    },
    "trapped_chest_inventory_front": {
      "textures": [
        "textures/blocks/trapped_chest_front"
      ]
    },
    "ender_chest_inventory_top": {
      "textures": [
        "textures/blocks/ender_chest_top"
      ]
    },
    "ender_chest_inventory_side": {
      "textures": [
        "textures/blocks/ender_chest_side"
      ]
    },
    "ender_chest_inventory_front": {
      "textures": [
        "textures/blocks/ender_chest_front"
      ]
    },
    "dried_kelp_block_top": {
      "textures": "textures/blocks/dried_kelp_top"
    },
    "dried_kelp_block_side_a": {
      "textures": "textures/blocks/dried_kelp_side_a"
    },
    "dried_kelp_block_side_b": {
      "textures": "textures/blocks/dried_kelp_side_b"
    },
    "dried_kelp_block_bottom": {
      "textures": "textures/blocks/dried_kelp_bottom"
    },
    "redstone_dust_cross": {
      "textures": "textures/blocks/redstone_dust_cross"
    },
    "redstone_dust_line": {
      "textures": "textures/blocks/redstone_dust_line"
    },
    "redstone_dust_dot": {
      "textures": "textures/blocks/redstone_dust_dot"
    },
    "cake_top": {
      "textures": [
        "textures/blocks/cake_top",
        "textures/blocks/cake_top"
      ]
    },
    "cake_bottom": {
      "textures": [
        "textures/blocks/cake_bottom",
        "textures/blocks/cake_bottom"
      ]
    },
    "cake_west": {
      "textures": [
        "textures/blocks/cake_side",
        "textures/blocks/cake_inner",
        "textures/blocks/cake_inner",
        "textures/blocks/cake_inner",
        "textures/blocks/cake_inner",
        "textures/blocks/cake_inner",
        "textures/blocks/cake_inner"
      ]
    },
    "cake_side": {
      "textures": [
        "textures/blocks/cake_side",
        "textures/blocks/cake_side"
      ]
    }
  }
}