{
  "format_version": "1.16.0",
  "minecraft:geometry": [
    {
      "description": {
        "identifier": "geometry.fireworks_rocket",
        "texture_width": 16,
        "texture_height": 16
      },
      "bones": [
        {
          "name": "body",
          "pivot": [ 0.0, 0.0, 0.0 ],
          "rotation": [ 90.0, 0.0, 0.0 ],
          "cubes": [
            {
              "origin": [ -8.0, -8.0, 0.0 ],
              "size": [ 16.0, 16.0, 0.0 ],
              "uv": [ 0, 0 ],
              "rotation": [ 0.0, 180.0, 0.0 ]
            },
            {
              "origin": [ -8.0, -8.0, -0.05 ],
              "size": [ 16.0, 16.0, 0.0 ],
              "uv": [ 0, 0 ],
              "rotation": [ 0.0, 180.0, 0.0 ]
            },
            {
              "origin": [ -8.0, -8.0, -0.1 ],
              "size": [ 16.0, 16.0, 0.0 ],
              "uv": [ 0, 0 ],
              "rotation": [ 0.0, 180.0, 0.0 ]
            },
            {
              "origin": [ -8.0, -8.0, -0.15 ],
              "size": [ 16.0, 16.0, 0.0 ],
              "uv": [ 0, 0 ],
              "rotation": [ 0.0, 180.0, 0.0 ]
            },
            {
              "origin": [ -8.0, -8.0, -0.2 ],
              "size": [ 16.0, 16.0, 0.0 ],
              "uv": [ 0, 0 ],
              "rotation": [ 0.0, 180.0, 0.0 ]
            },
            {
              "origin": [ -8.0, -8.0, -0.25 ],
              "size": [ 16.0, 16.0, 0.0 ],
              "uv": [ 0, 0 ],
              "rotation": [ 0.0, 180.0, 0.0 ]
            },
            {
              "origin": [ -8.0, -8.0, -0.3 ],
              "size": [ 16.0, 16.0, 0.0 ],
              "uv": [ 0, 0 ],
              "rotation": [ 0.0, 180.0, 0.0 ]
            },
            {
              "origin": [ -8.0, -8.0, -0.35 ],
              "size": [ 16.0, 16.0, 0.0 ],
              "uv": [ 0, 0 ],
              "rotation": [ 0.0, 180.0, 0.0 ]
            },
            {
              "origin": [ -8.0, -8.0, -0.4 ],
              "size": [ 16.0, 16.0, 0.0 ],
              "uv": [ 0, 0 ],
              "rotation": [ 0.0, 180.0, 0.0 ]
            },
            {
              "origin": [ -8.0, -8.0, -0.45 ],
              "size": [ 16.0, 16.0, 0.0 ],
              "uv": [ 0, 0 ],
              "rotation": [ 0.0, 180.0, 0.0 ]
            },
            {
              "origin": [ -8.0, -8.0, -0.5 ],
              "size": [ 16.0, 16.0, 0.0 ],
              "uv": [ 0, 0 ],
              "rotation": [ 0.0, 180.0, 0.0 ]
            },
            {
              "origin": [ -8.0, -8.0, -0.55 ],
              "size": [ 16.0, 16.0, 0.0 ],
              "uv": [ 0, 0 ],
              "rotation": [ 0.0, 180.0, 0.0 ]
            },
            {
              "origin": [ -8.0, -8.0, -0.6 ],
              "size": [ 16.0, 16.0, 0.0 ],
              "uv": [ 0, 0 ],
              "rotation": [ 0.0, 180.0, 0.0 ]
            },
            {
              "origin": [ -8.0, -8.0, -0.65 ],
              "size": [ 16.0, 16.0, 0.0 ],
              "uv": [ 0, 0 ],
              "rotation": [ 0.0, 180.0, 0.0 ]
            },
            {
              "origin": [ -8.0, -8.0, -0.7 ],
              "size": [ 16.0, 16.0, 0.0 ],
              "uv": [ 0, 0 ],
              "rotation": [ 0.0, 180.0, 0.0 ]
            },
            {
              "origin": [ -8.0, -8.0, -0.75 ],
              "size": [ 16.0, 16.0, 0.0 ],
              "uv": [ 0, 0 ],
              "rotation": [ 0.0, 180.0, 0.0 ]
            },
            {
              "origin": [ -8.0, -8.0, -0.8 ],
              "size": [ 16.0, 16.0, 0.0 ],
              "uv": [ 0, 0 ],
              "rotation": [ 0.0, 180.0, 0.0 ]
            },
            {
              "origin": [ -8.0, -8.0, -0.85 ],
              "size": [ 16.0, 16.0, 0.0 ],
              "uv": [ 0, 0 ],
              "rotation": [ 0.0, 180.0, 0.0 ]
            },
            {
              "origin": [ -8.0, -8.0, -0.9 ],
              "size": [ 16.0, 16.0, 0.0 ],
              "uv": [ 0, 0 ],
              "rotation": [ 0.0, 180.0, 0.0 ]
            },
            {
              "origin": [ -8.0, -8.0, -0.95 ],
              "size": [ 16.0, 16.0, 0.0 ],
              "uv": [ 0, 0 ],
              "rotation": [ 0.0, 180.0, 0.0 ]
            },
            {
              "origin": [ -8.0, -8.0, -1.0 ],
              "size": [ 16.0, 16.0, 0.0 ],
              "uv": [ 0, 0 ],
              "rotation": [ 0.0, 180.0, 0.0 ]
            }
          ]
        }
      ]
    }
  ]
}