{
  "namespace": "realmsPlus",

  "markdown_background_animated": {
    "type": "panel",
    "size": [ "100%c", "100% + 4px" ],
    "anchor_from": "left_middle",
    "anchor_to": "left_middle",
    "controls": [
      {
        "realms_banner@realmsPlus.markdown_background": {
          "size": [ "100%c", "100%" ],
          "$banner_size": [ 13, "100%" ],
          "$triangle_offset": [ 0, 0 ],
          "$use_animated_icon": true,
          "layer": 9
        }
      },
      {
        "realms_plus_normal": {
          "type": "image",
          "texture": "textures/ui/realms_plus_normal",
          "size": [ 19, 19 ],
          "uv_size": [ 38, 38 ],
          "uv": "@realmsPlus.realms_default_animation",
          "disable_anim_fast_forward": true,
          "anchor_from": "bottom_left",
          "anchor_to": "bottom_left",
          "layer": 15,
          "offset": [ -2, 0 ],
          "ignored": "$hover_state"
        }
      },
      {
        "realms_plus_hover": {
          "type": "image",
          "texture": "textures/ui/realms_plus_hover",
          "size": [ 19, 19 ],
          "uv_size": [ 38, 38 ],
          "uv": "@realmsPlus.realms_default_animation",
          "disable_anim_fast_forward": true,
          "anchor_from": "bottom_left",
          "anchor_to": "bottom_left",
          "layer": 15,
          "offset": [ -2, 0 ],
          "ignored": "(not $hover_state)"
        }
      }
    ]
  }
}
