{
  "namespace": "common",

  "selected_item_details": {
    "type": "panel",
    "anchor_to": "bottom_middle",
    "anchor_from": "bottom_middle",
    "size": [ "100%c", "100%c" ],
    "offset": "$offset",
    "layer": 30,

    "$offset|default": [ 0, "-16px" ],
    "$alpha_anim|default": "@common.anim_item_details_alpha",

    "controls": [
      {
        "item_panel_image": {
          "type": "image",
          "size": [ "100%c + 8px", "100%c + 8px" ],
          "layer": 30,

          "alpha": "$alpha_anim",
          "texture": "textures/ui/purpleBorderOld",

          "controls": [
            {
              "item_text_label": {
                "type": "label",
                "layer": 1,
                "alpha": "$alpha_anim",
                "text": "#selected_hover_text",
                "color": "$item_hover_text_color"
              }
            }
          ]
        }
      }
    ]
  }
}
