{
	"format_version" : "1.10.0",
	"animation_controllers" : {
		"controller.animation.blaze.flame" : {
			"initial_state" : "default",
			"states" : {
				"default" : {
					"transitions" : [
						{
							"flaming" : "query.is_charged"
						}
					]
				},
				"flaming" : {
					"particle_effects" : [
						{
							"effect" : "mobflame_emitter"
						}
					],
					"transitions" : [
						{
							"default" : "!query.is_charged"
						}
					]
				}
			}
		},
		"controller.animation.blaze.move" : {
			"initial_state" : "default",
			"states" : {
				"default" : {
					"animations" : [ "move", "look_at_target" ]
				}
			}
		}
	}
}
