{
  "format_version": "1.10.0",
  "particle_effect": {
    "description": {
      "identifier": "minecraft:colored_flame_particle",
      "basic_render_parameters": {
        "material": "particles_alpha",
        "texture": "textures/particle/particles"
      }
    },
    "components": {
      "minecraft:emitter_rate_instant": {
        "num_particles": 1
      },
      "minecraft:emitter_lifetime_once": {
      },
      "minecraft:emitter_shape_sphere": {
        "radius": 0.025,
        "direction": [ 0, 0, 0 ]
      },
      "minecraft:particle_lifetime_expression": {
        "max_lifetime": "Math.random(0.6, 2.0)"
      },
      "minecraft:particle_appearance_billboard": {
        "size": [
          "(0.1 + variable.particle_random_1*0.1) - (0.1 * variable.particle_age)",
          "(0.1 + variable.particle_random_1*0.1) - (0.1 * variable.particle_age)"
        ],
        "facing_camera_mode": "rotate_xyz",
        "uv": {
          "texture_width": 128,
          "texture_height": 128,
          "uv": [ 16, 24 ],
          "uv_size": [ 8, 8 ]
        }
      },
      "minecraft:particle_appearance_tinting": {
        "color": [ "variable.color.r", "variable.color.g", "variable.color.b", 1.0 ]
      }
    }
  }
}
