{
  "format_version": "1.10.0",
  "particle_effect": {
    "description": {
      "identifier": "minecraft:enchanted_hit",
      "basic_render_parameters": {
        "material": "particles_alpha",
        "texture": "textures/particle/particles"
      }
    },
    "components": {
      "minecraft:emitter_rate_steady": {
        "spawn_rate": 15,
        "max_particles": 30
      },

      "minecraft:emitter_lifetime_looping": {
        "active_time": 15
      },

      "minecraft:emitter_shape_point": {
        "direction": [
          "-0.5 + Math.Random(0, 1) + (Math.Random(0, 2) - 1) * 0.4",
          "(1 + (Math.Random(0, 2) - 1) * 0.4) * 0.5",
          "-0.5 + Math.Random(0, 1) + (Math.Random(0, 2) - 1) * 0.4"
        ]
      },

      "minecraft:particle_initial_speed": "(Math.Random(0, 1) + Math.Random(0, 1) + 1) * 0.6",

      "minecraft:particle_lifetime_expression": {
        "max_lifetime": "Math.Random(0.4, 2.0)"
      },

      "minecraft:particle_motion_dynamic": {
        "linear_acceleration": [ 0, 0.15, 0 ]
      },

      "minecraft:particle_motion_collision": {
        "collision_radius": 0.2
      },

     "minecraft:particle_appearance_billboard": {
        "size": [ 0.16, 0.16 ],
        "facing_camera_mode": "rotate_xyz",

        "uv": {
          "texture_width": 128,
          "texture_height": 128,
          "uv": [ 16, 32 ],
          "uv_size": [ 7, 7 ]
        }
      },

      "minecraft:particle_appearance_tinting": {
        "color": [ "query.spellcolor.r", "query.spellcolor.g", "query.spellcolor.b", 1 ]
      },

      "minecraft:particle_appearance_lighting": {}
    }
  }
}
