{
	"format_version" : "1.12.0",
	"minecraft:geometry" : [
		{
			"description" : {
				"identifier" : "geometry.bow_pulling_0",
				"texture_width" : 16.0,
				"texture_height" : 16.0
			},
			"bones" : [
				{
					"name" : "rightitem",
					"texture_meshes" : [
						{
							"local_pivot" : [ 6.0, 0.0, 6.0 ],
							"position" : [ 2.0, 1.0, -1.0 ],
							"rotation" : [ 0.0, -135.0, 90.0 ],
							"scale" : [ 1.0, 0.5, 1.0 ],
							"texture" : "bow_pulling_0"
						}
					]
				}
			]
		},
		{
			"description" : {
				"identifier" : "geometry.bow_pulling_1",
				"texture_width" : 16.0,
				"texture_height" : 16.0
			},
			"bones" : [
				{
					"name" : "rightitem",
					"texture_meshes" : [
						{
							"local_pivot" : [ 6.0, 0.0, 6.0 ],
							"position" : [ 2.01, 1.0, -1.0 ],
							"rotation" : [ 0.0, -135.0, 90.0 ],
							"scale" : [ 1.0, 0.5, 1.0 ],
							"texture" : "bow_pulling_1"
						}
					]
				}
			]
		},
		{
			"description" : {
				"identifier" : "geometry.bow_pulling_2",
				"texture_width" : 16.0,
				"texture_height" : 16.0
			},
			"bones" : [
				{
					"name" : "rightitem",
					"texture_meshes" : [
						{
							"local_pivot" : [ 6.0, 0.0, 6.0 ],
							"position" : [ 2.01, 1.0, -1.0 ],
							"rotation" : [ 0.0, -135.0, 90.0 ],
							"scale" : [ 1.0, 0.5, 1.0 ],
							"texture" : "bow_pulling_2"
						}
					]
				}
			]
		},
		{
			"description" : {
				"identifier" : "geometry.bow_standby",
				"texture_width" : 16.0,
				"texture_height" : 16.0
			},
			"bones" : [
				{
					"name" : "rightitem",
					"texture_meshes" : [
						{
							"local_pivot" : [ 6.0, 0.0, 6.0 ],
							"position" : [ 2.0, 1.0, -2.0 ],
							"rotation" : [ 0.0, -135.0, 90.0 ],
							"scale" : [ 1.0, 0.5, 1.0 ],
							"texture" : "default"
						}
					]
				}
			]
		}
	]
}
