{
  "namespace": "hud",

  "cooldown_renderer": {
    "type": "custom",
    "renderer": "hotbar_cooldown_renderer",
    "size": [ 20, 22 ],
    "alpha": 0.6,
    "layer": 1,
    "bindings": [
      {
        "binding_collection_name": "$hotbar_collection_name",
        "binding_type": "collection_details"
      }
    ]
  },

  "full_progress_bar": {
    "type": "image",
    "texture": "textures/ui/experiencebarfull_new",
    "clip_direction": "left",
    "clip_pixelperfect": false,
    "bindings": [
      {
        "binding_name": "#exp_progress",
        "binding_name_override": "#clip_ratio",
        "binding_type": "global"
      }
    ]
  },
  "empty_progress_bar": {
    "texture": "textures/gui/icons",
    "uv": [ 0, 128 ],
    "uv_size": [ 364, 10 ]
  },
  "full_progress_bar": {
    "texture": "textures/gui/icons",
    "uv": [ 0, 138 ],
    "uv_size": [ 364, 10 ]
  },
  "boss_bar_base": {
    "type": "image",
    "texture": "textures/gui/bars",
    "size": [ 182, 5 ],
    "$bars_uv|default": [ 0, 0 ],
    "uv": "$bar_uv",
    "uv_size": [ 364, 10 ]
  },
  "pink_bar_empty@hud.boss_bar_base": {
  },
  "pink_bar_full@hud.boss_bar_base": {
    "$bar_uv": [ 0, 10 ]
  },
  "blue_bar_empty@hud.boss_bar_base": {
    "$bar_uv": [ 0, 10 ]
  },
  "blue_bar_full@hud.boss_bar_base": {
    "$bar_uv": [ 0, 30 ]
  },
  "red_bar_empty@hud.boss_bar_base": {
    "$bar_uv": [ 0, 40 ]
  },
  "red_bar_full@hud.boss_bar_base": {
    "$bar_uv": [ 0, 50 ]
  },
  "green_bar_empty@hud.boss_bar_base": {
    "$bar_uv": [ 0, 60 ]
  },
  "green_bar_full@hud.boss_bar_base": {
    "$bar_uv": [ 0, 70 ]
  },
  "yellow_bar_empty@hud.boss_bar_base": {
    "$bar_uv": [ 0, 80 ]
  },
  "yellow_bar_full@hud.boss_bar_base": {
    "$bar_uv": [ 0, 90 ]
  },
  "purple_bar_empty@hud.boss_bar_base": {
    "$bar_uv": [ 0, 100 ]
  },
  "purple_bar_full@hud.boss_bar_base": {
    "$bar_uv": [ 0, 110 ]
  },
  "white_bar_empty@hud.boss_bar_base": {
    "$bar_uv": [ 0, 120 ]
  },
  "white_bar_full@hud.boss_bar_base": {
    "$bar_uv": [ 0, 130 ]
  },
  "progress_empty@hud.boss_bar_base": {
    "$bar_uv": [ 0, 160 ]
  },
  "progress_full@hud.boss_bar_base": {
    "$bar_uv": [ 0, 170 ]
  },
  "notched_6_empty@hud.boss_bar_base": {
    "$bar_uv": [ 0, 160 ]
  },
  "notched_6_full@hud.boss_bar_base": {
    "$bar_uv": [ 0, 170 ]
  },
  "notched_10_empty@hud.boss_bar_base": {
    "$bar_uv": [ 0, 180 ]
  },
  "notched_10_full@hud.boss_bar_base": {
    "$bar_uv": [ 0, 190 ]
  },
  "notched_12_empty@hud.boss_bar_base": {
    "$bar_uv": [ 0, 200 ]
  },
  "notched_12_full@hud.boss_bar_base": {
    "$bar_uv": [ 0, 210 ]
  },
  "notched_20_empty@hud.boss_bar_base": {
    "$bar_uv": [ 0, 220 ]
  },
  "notched_20_full@hud.boss_bar_base": {
    "$bar_uv": [ 0, 230 ]
  },
  "bar_control_base": {
    "type": "panel",
    "$default_name|default": "",
    "$next|default": "",
    "controls": [
      { "$boss_bar_name_control@$boss_bar_name_control_label": { "size": [ 0, 0 ] } },
      { 
        "binding_control@$next": {
          "bindings": [
            {
              "binding_type": "view",
              "source_control_name": "$boss_bar_name_control",
              "source_property_name": "(not (#bossName = $default_name))",
              "target_property_name": "#visible",
              "resolve_sibling_scope": true
            }
          ]
        }
      }
    ]
  },
  "default_bar_001@hud.bar_control_base": { "$next": "default_bar_002", "$default_name": "Ender Dragon" },
  "default_bar_002@hud.bar_control_base": { "$next": "default_bar_003", "$default_name": "Enderdrache" },
  "default_bar_003@hud.bar_control_base": { "$next": "default_bar_004", "$default_name": "Dragón de Ender" },
  "default_bar_004@hud.bar_control_base": { "$next": "default_bar_005", "$default_name": "Dragon de l'Ender" },
  "default_bar_005@hud.bar_control_base": { "$next": "default_bar_006", "$default_name": "Dragon Ender" },
  "default_bar_006@hud.bar_control_base": { "$next": "default_bar_007", "$default_name": "Enderdrago" },
  "default_bar_007@hud.bar_control_base": { "$next": "default_bar_008", "$default_name": "エンダー ドラゴン" },
  "default_bar_008@hud.bar_control_base": { "$next": "default_bar_009", "$default_name": "엔더 드래곤" },
  "default_bar_009@hud.bar_control_base": { "$next": "default_bar_010", "$default_name": "Dragão Ender" },
  "default_bar_010@hud.bar_control_base": { "$next": "default_bar_011", "$default_name": "Dragão de Ender" },
  "default_bar_011@hud.bar_control_base": { "$next": "default_bar_012", "$default_name": "Дракон Края" },
  "default_bar_012@hud.bar_control_base": { "$next": "default_bar_013", "$default_name": "末影龙" },
  "default_bar_013@hud.bar_control_base": { "$next": "default_bar_014", "$default_name": "終界龍" },
  "default_bar_014@hud.bar_control_base": { "$next": "default_bar_015", "$default_name": "Enderdraak" },
  "default_bar_015@hud.bar_control_base": { "$next": "default_bar_016", "$default_name": "Пагубен дракон" },
  "default_bar_016@hud.bar_control_base": { "$next": "default_bar_017", "$default_name": "Drak z ender" },
  "default_bar_017@hud.bar_control_base": { "$next": "default_bar_018", "$default_name": "Ender-drage" },
  "default_bar_018@hud.bar_control_base": { "$next": "default_bar_019", "$default_name": "Δράκος Τελειωτής" },
  "default_bar_019@hud.bar_control_base": { "$next": "default_bar_020", "$default_name": "Äärilisko" },
  "default_bar_020@hud.bar_control_base": { "$next": "default_bar_021", "$default_name": "Végzetsárkány" },
  "default_bar_021@hud.bar_control_base": { "$next": "default_bar_022", "$default_name": "Naga Ender" },
  "default_bar_022@hud.bar_control_base": { "$next": "default_bar_023", "$default_name": "Enderdrage" },
  "default_bar_023@hud.bar_control_base": { "$next": "default_bar_024", "$default_name": "Smok Kresu" },
  "default_bar_024@hud.bar_control_base": { "$next": "default_bar_025", "$default_name": "Drak z konca sveta" },
  "default_bar_025@hud.bar_control_base": { "$next": "default_bar_026", "$default_name": "Enderdrake" },
  "default_bar_026@hud.bar_control_base": { "$next": "default_bar_027", "$default_name": "Ender Ejderhası" },
  "default_bar_027@hud.bar_control_base": { "$next": "default_bar_028", "$default_name": "Дракон Ендеру" },
  "default_bar_028@hud.bar_control_base": { "$next": "default_bar_029", "$default_name": "Wither" },
  "default_bar_029@hud.bar_control_base": { "$next": "default_bar_030", "$default_name": "ウィザー" },
  "default_bar_030@hud.bar_control_base": { "$next": "default_bar_031", "$default_name": "위더" },
  "default_bar_031@hud.bar_control_base": { "$next": "default_bar_032", "$default_name": "Иссушитель" },
  "default_bar_032@hud.bar_control_base": { "$next": "default_bar_033", "$default_name": "凋灵" },
  "default_bar_033@hud.bar_control_base": { "$next": "default_bar_034", "$default_name": "凋靈怪" },
  "default_bar_034@hud.bar_control_base": { "$next": "default_bar_035", "$default_name": "Чезнещия" },
  "default_bar_035@hud.bar_control_base": { "$next": "default_bar_036", "$default_name": "Pakostnice" },
  "default_bar_036@hud.bar_control_base": { "$next": "default_bar_037", "$default_name": "Μαρασμός" },
  "default_bar_037@hud.bar_control_base": { "$next": "default_bar_038", "$default_name": "Näivettäjä" },
  "default_bar_038@hud.bar_control_base": { "$next": "default_bar_039", "$default_name": "Sorvasztó" },
  "default_bar_039@hud.bar_control_base": { "$next": "default_bar_last", "$default_name": "Візер" },
  "default_bar_last@hud.raid_bar_panel": {},
  "bar_panel": {
    "type": "panel",
    "size": [ 182, 18 ],
    "$boss_bar_name_control": "boss_bar_name",
    "$collection_name": "boss_bars",
    "$progress_bar_collection": "boss_bars",
    "$boss_bar_name_control_label": "hud.boss_bar_name",
    "controls": [
      { "$boss_bar_name_control@hud.boss_bar_name": { } },
      { "ender_dragon_001@hud.ender_dragon_bar_panel": { "$ender_dragon_name": "Ender Dragon" } },
      { "ender_dragon_002@hud.ender_dragon_bar_panel": { "$ender_dragon_name": "Enderdrache" } },
      { "ender_dragon_003@hud.ender_dragon_bar_panel": { "$ender_dragon_name": "Dragón de Ender" } },
      { "ender_dragon_004@hud.ender_dragon_bar_panel": { "$ender_dragon_name": "Dragon de l'Ender" } },
      { "ender_dragon_005@hud.ender_dragon_bar_panel": { "$ender_dragon_name": "Dragon Ender" } },
      { "ender_dragon_006@hud.ender_dragon_bar_panel": { "$ender_dragon_name": "Enderdrago" } },
      { "ender_dragon_007@hud.ender_dragon_bar_panel": { "$ender_dragon_name": "エンダー ドラゴン" } },
      { "ender_dragon_008@hud.ender_dragon_bar_panel": { "$ender_dragon_name": "엔더 드래곤" } },
      { "ender_dragon_009@hud.ender_dragon_bar_panel": { "$ender_dragon_name": "Dragão Ender" } },
      { "ender_dragon_010@hud.ender_dragon_bar_panel": { "$ender_dragon_name": "Dragão de Ender" } },
      { "ender_dragon_011@hud.ender_dragon_bar_panel": { "$ender_dragon_name": "Дракон Края" } },
      { "ender_dragon_012@hud.ender_dragon_bar_panel": { "$ender_dragon_name": "末影龙" } },
      { "ender_dragon_013@hud.ender_dragon_bar_panel": { "$ender_dragon_name": "終界龍" } },
      { "ender_dragon_014@hud.ender_dragon_bar_panel": { "$ender_dragon_name": "Enderdraak" } },
      { "ender_dragon_015@hud.ender_dragon_bar_panel": { "$ender_dragon_name": "Пагубен дракон" } },
      { "ender_dragon_016@hud.ender_dragon_bar_panel": { "$ender_dragon_name": "Drak z enderu" } },
      { "ender_dragon_017@hud.ender_dragon_bar_panel": { "$ender_dragon_name": "Ender-drage" } },
      { "ender_dragon_018@hud.ender_dragon_bar_panel": { "$ender_dragon_name": "Δράκος Τελειωτής" } },
      { "ender_dragon_019@hud.ender_dragon_bar_panel": { "$ender_dragon_name": "Äärilisko" } },
      { "ender_dragon_020@hud.ender_dragon_bar_panel": { "$ender_dragon_name": "Végzetsárkány" } },
      { "ender_dragon_021@hud.ender_dragon_bar_panel": { "$ender_dragon_name": "Naga Ender" } },
      { "ender_dragon_022@hud.ender_dragon_bar_panel": { "$ender_dragon_name": "Enderdrage" } },
      { "ender_dragon_023@hud.ender_dragon_bar_panel": { "$ender_dragon_name": "Smok Kresu" } },
      { "ender_dragon_024@hud.ender_dragon_bar_panel": { "$ender_dragon_name": "Drak z konca sveta" } },
      { "ender_dragon_025@hud.ender_dragon_bar_panel": { "$ender_dragon_name": "Enderdrake" } },
      { "ender_dragon_026@hud.ender_dragon_bar_panel": { "$ender_dragon_name": "Ender Ejderhası" } },
      { "ender_dragon_027@hud.ender_dragon_bar_panel": { "$ender_dragon_name": "Дракон Ендеру" } },
      { "wither_001@hud.wither_bar_panel": { "$wither_name": "Wither" } },
      { "wither_002@hud.wither_bar_panel": { "$wither_name": "ウィザー" } },
      { "wither_003@hud.wither_bar_panel": { "$wither_name": "위더" } },
      { "wither_004@hud.wither_bar_panel": { "$wither_name": "Иссушитель" } },
      { "wither_005@hud.wither_bar_panel": { "$wither_name": "凋灵" } },
      { "wither_006@hud.wither_bar_panel": { "$wither_name": "凋靈怪" } },
      { "wither_007@hud.wither_bar_panel": { "$wither_name": "Чезнещия" } },
      { "wither_008@hud.wither_bar_panel": { "$wither_name": "Pakostnice" } },
      { "wither_009@hud.wither_bar_panel": { "$wither_name": "Μαρασμός" } },
      { "wither_010@hud.wither_bar_panel": { "$wither_name": "Näivettäjä" } },
      { "wither_011@hud.wither_bar_panel": { "$wither_name": "Sorvasztó" } },
      { "wither_012@hud.wither_bar_panel": { "$wither_name": "Візер" } },
      { "default_bar_panel@hud.default_bar_001": { } }
    ],
    "bindings": [
      {
        "binding_name": "#bar_visible",
        "binding_type": "collection",
        "binding_collection_name": "boss_bars",
        "binding_name_override": "#visible"
      }
    ]
  },
  "boss_bar_name": {
    "type": "label",
    "color": "$boss_name_text_color",
    "text": "#bossName",
    "anchor_from": "top_middle",
    "anchor_to": "top_middle",
    "offset": [ 0, 2 ],
    "shadow": true,
    "bindings": [
      {
        "binding_name": "#bossName",
        "binding_type": "collection",
        "binding_collection_name": "$collection_name"
      }
    ]
  },
  "ender_dragon_bar_panel@common.progress_bar_for_collections": {
    "anchor_from": "top_middle",
    "anchor_to": "top_middle",
    "offset": [ 0, 12 ],
    "size": [ 182, 5 ],
    "layer": 10,
    "controls": [
      { "pink_bar_empty@hud.pink_bar_empty": { "layer": 1, "size": [ 182, 5 ] } },
      { 
        "pink_bar_full@hud.pink_bar_full": {
          "layer": 2,
          "size": [ 182, 5 ],
          "clip_direction": "left",
          "clip_pixelperfect": true,
          "bindings": [
            {
              "binding_name": "#progress_percentage",
              "binding_name_override": "#clip_ratio",
              "binding_type": "collection",
              "binding_collection_name": "$progress_bar_collection"
            }
          ]
        }
      }
    ],
    "bindings": [
      {
        "binding_type": "view",
        "source_control_name": "$boss_bar_name_control",
        "source_property_name": "(#bossName = $ender_dragon_name)",
        "target_property_name": "#visible",
        "resolve_sibling_scope": true
      }
    ]
  },
  "raid_bar_panel@common.progress_bar_for_collections": {
    "anchor_from": "top_middle",
    "anchor_to": "top_middle",
    "offset": [ 0, 12 ],
    "size": [ 182, 5 ],
    "controls": [
      { "red_bar_empty@hud.red_bar_empty": { "layer": 1, "size": [ 182, 5 ] } },
      { 
        "red_bar_full@hud.red_bar_full": {
          "layer": 3,
          "size": [ 182, 5 ],
          "clip_direction": "left",
          "clip_pixelperfect": true,
          "bindings": [
            {
              "binding_name": "#progress_percentage",
              "binding_name_override": "#clip_ratio",
              "binding_type": "collection",
              "binding_collection_name": "$progress_bar_collection"
            }
          ]
        }
      },
      { "notched_10_empty@hud.notched_10_empty": { "layer": 2, "size": [ 182, 5 ] } },
      { 
        "notched_10_full@hud.notched_10_full": {
          "layer": 4,
          "size": [ 182, 5 ],
          "clip_direction": "left",
          "clip_pixelperfect": true,
          "bindings": [
            {
              "binding_name": "#progress_percentage",
              "binding_name_override": "#clip_ratio",
              "binding_type": "collection",
              "binding_collection_name": "$progress_bar_collection"
            }
          ]
        }
      }
    ]
  },
  "wither_bar_panel@common.progress_bar_for_collections": {
    "anchor_from": "top_middle",
    "anchor_to": "top_middle",
    "offset": [ 0, 12 ],
    "size": [ 182, 5 ],
    "layer": 10,
    "controls": [
      { "purple_bar_empty@hud.purple_bar_empty": { "layer": 1, "size": [ 182, 5 ] } },
      { 
        "purple_bar_full@hud.purple_bar_full": {
          "layer": 2,
          "size": [ 182, 5 ],
          "clip_direction": "left",
          "clip_pixelperfect": true,
          "bindings": [
            {
              "binding_name": "#progress_percentage",
              "binding_name_override": "#clip_ratio",
              "binding_type": "collection",
              "binding_collection_name": "$progress_bar_collection"
            }
          ]
        }
      }
    ],
    "bindings": [
      {
        "binding_type": "view",
        "source_control_name": "$boss_bar_name_control",
        "source_property_name": "(#bossName = $wither_name)",
        "target_property_name": "#visible",
        "resolve_sibling_scope": true
      }
    ]
  },
  "empty_progress_bar": {
    "type": "image",
    "texture": "textures/ui/experiencebarempty_new"
  },

  "progress_bar_nub": {
    "type": "image",
    "texture": "textures/ui/experiencebarnub",
    "tiled": true
  },

  "experience_level_number": {
    "type": "label",
    "shadow": false,
    "text": "#level_number",
    "color": "$experience_text_color",
    "anchor_from": "top_middle",
    "anchor_to": "bottom_middle",
    "bindings": [
      {
        "binding_name": "#level_number",
        "binding_type": "global"
      },
      {
        "binding_name": "#level_number_visible",
        "binding_type": "global",
        "binding_name_override": "#visible"
      }
    ]
  },
  "experience_level_number_border": {
    "type": "label",
    "shadow": false,
    "text": "#level_number",
    "color": "$experience_border_color",
    "anchor_from": "top_middle",
    "anchor_to": "bottom_middle",
    "bindings": [
      {
        "binding_name": "#level_number",
        "binding_type": "global"
      },
      {
        "binding_name": "#level_number_visible",
        "binding_type": "global",
        "binding_name_override": "#visible"
      }
    ]
  },
  "progress_text_label": {
    "type": "label",
    "shadow": false,
    "text": " "
  },
  "exp_progress_bar_and_hotbar": {
    "type": "panel",
    "size": [ "100%c", 31 ],
    "anchor_from": "bottom_middle",
    "anchor_to": "bottom_middle",
    "offset": "$xp_control_offset",
    "controls": [
      {
        "resizing_xp_bar_with_hotbar": {
          "type": "panel",
          "size": [ "100%c", 5 ],
          "controls": [
            {
              "empty_progress_bar@empty_progress_bar": {
                "size": [ "100%c", 5 ],
                "layer": 1,
                "controls": [
                  {
                    "full_progress_bar@full_progress_bar": {
                      "size": [ "100%c + 10px", 5 ],
                      "layer": 2,
                      "controls": [
                        {
                          "progress_bar_nub@progress_bar_nub": {
                            "size": [ "100%c - 10px", 5 ],
                            "max_size": [ 172, 5 ],
                            "layer": 3,
                            "controls": [
                              {
                                "hotbar@hotbar_chooser": {
                                  "offset": [ 3, 16 ]
                                }
                              }
                            ]
                          }
                        }
                      ]
                    }
                  }
                ]
              }
            },
            {
              "experience_level_number@experience_level_number": {
                "offset": [ 0, 3 ],
                "layer": 8
              }
            },
              {
              "experience_level_number_left_border@experience_level_number_border": {
                "offset": [ -1, 3 ],
                "layer": 7
              }
	    },
	      {
              "experience_level_number_right_border@experience_level_number_border": {
                "offset": [ 1, 3 ],
                "layer": 7
              }
	    },
	      {
              "experience_level_number_top_border@experience_level_number_border": {
                "offset": [ 0, 2 ],
                "layer": 7
              }
	    },
	      {
              "experience_level_number_bottom_border@experience_level_number_border": {
                "offset": [ 0, 4 ],
                "layer": 7
              }
            }
          ],
          "bindings": [
            {
              "binding_name": "#is_not_creative_mode",
              "binding_name_override": "#visible"
            }
          ]
        }
      },
      {
        "hotbar@hotbar_chooser": {
          "offset": [ 4, 16 ],
          "bindings": [
            {
              "binding_name": "#is_creative_mode",
              "binding_name_override": "#visible"
            }
          ]
        }
      },
      {
        "item_text_factory": {
          "size": [ 100, 10 ],
          "type": "factory",
          "control_ids": {
            "survival_item_text": "@hud.survival_item_name_text",
            "survival_item_text_above_interact_button": "@hud.survival_above_interact_button_item_text",
            "survival_jukebox_text": "@hud.survival_jukebox_popup_text",
            "survival_jukebox_text_above_interact_button": "@hud.survival_jukebox_above_interact_button_popup_text",
            "creative_item_text": "@hud.creative_item_name_text",
            "create_item_text_above_interact_button": "@hud.creative_above_interact_button_item_text",
            "creative_jukebox_text": "@hud.creative_jukebox_popup_text",
            "creative_jukebox_text_above_interact_button": "@hud.creative_jukebox_above_interact_button_popup_text"

          }
        }
      }
    ]
  },
    "gui_hotbar_grid_item/hotbar_parent/item_count": {
    "modifications": [
      {
        "array_name": "bindings",
        "operation": "remove",
        "where": {
          "binding_name": "#stack_count_visible"
        }
      },
      {
        "array_name": "bindings",
        "operation": "remove",
        "where": {
          "binding_name_override": "#visible"
        }
      },
      {
        "array_name": "bindings",
        "operation": "remove",
        "where": {
          "binding_type": "collection"
        }
      },
      {
        "array_name": "bindings",
        "operation": "remove",
        "where": {
          "binding_collection_name": "$stack_count_collection_name"
        }
      }
    ]
  },

  "gui_hotbar_grid_item": {
    "type": "panel",
    "layer": 1,
    "size": [ 20, 22 ],
    "anchor_to": "top_left",
    "anchor_from": "top_left",
    "$stack_count_required|default": true,
    "$durability_bar_required|default": true,
    "controls": [
      { "hotbar_slot_selected_image@hotbar_slot_selected_image": {} },
      { "hotbar_renderer@hotbar_renderer": {} },
      {
        "hotbar_parent": {
          "type": "panel",
          "size": [ 18, 18 ],
          "controls": [
            {
              "item_icon@hotbar_hud_item_icon": {
                "size": [ 16, 16 ]
              }
            },
            {
              "item_count@common.stack_count_label": {
                "$item_collection_name": "$hotbar_collection_name",
                "$stack_count_collection_name": "$hotbar_collection_name",
                "bindings": [
                  {
                    "binding_name": "#inventory_stack_count",
                    "binding_type": "collection",
                    "binding_collection_name": "$stack_count_collection_name"
                  },
                  {
                    "binding_name": "#stack_count_visible",
                    "binding_name_override": "#visible",
                    "binding_type": "collection",
                    "binding_collection_name": "$stack_count_collection_name"
                  }
                ]
              }
            },
            { "item_dura@item_durability": {} }
          ]
        }
      },
      { "cooldown_renderer@cooldown_renderer": { "layer": 10, "alpha": 0.65 } },
      { "hotbar_slot_button@gui_hotbar_slot_button_prototype": {} }
    ]
  },
  
  "anim_item_name_text_alpha": {
    "anim_type": "alpha",
    "easing": "in_expo",
    "destroy_at_end": "item_text_label",
    "duration": 2,
    "from": 1.0,
    "to": 0
  },

  "item_name_text": {
    "type": "panel",
    "size": [ 100, 10 ],
    "controls": [
      {
        "item_text_label": {
          "type": "label",
          "anchor_from": "bottom_middle",
          "anchor_to": "bottom_middle",
          "text_alignment": "center",
          "layer": 31,
          "color": "$tool_tip_text",
          "text": "#text",
          "shadow": true,
          "alpha": "@hud.anim_item_name_text_alpha",
          "bindings": [
            {
              "binding_name": "#item_text",
              "binding_name_override": "#text"
            }
          ]
        }
      }
    ]
  },
  "jukebox_text": {
    "type": "panel",
    "size": [ 100, 10 ],
    "controls": [
      {
        "item_text_label": {
          "type": "label",
          "anchor_from": "bottom_middle",
          "anchor_to": "bottom_middle",
          "text_alignment": "center",
          "layer": 31,
          "color": "$jukebox_text_color",
          "text": "#text",
          "shadow": true,
          "alpha": "@hud.anim_item_name_text_alpha",
          "bindings": [
            {
              "binding_name": "#jukebox_text",
              "binding_name_override": "#text"
            }
          ]
        }
      }
    ]
  },

  "elipses_image": {
    "type": "image",
    "texture": "textures/ui/elipses",
    "anchor_from": "center",
    "anchor_to": "center",
    "size": [ 13, 4 ],
    "layer": 30,
    "alpha": 1
  },
  
  "end_cap_image@start_cap_image": {
    "texture": "textures/ui/hotbar_end_cap"
  },

  "heart_image": {
    "type": "image",
    "texture": "textures/ui/heart_background",
    "size": [ 9, 9 ],
    "layer": 1,
    "alpha": 1
  },

  "default_borderless_button_layout": {
    "type": "image",
    "texture": "textures/ui/button_borderless_light",
    "alpha": 1
  },

  "hotbar_slot_image": {
    "type": "image",
    "offset": [ 0, 0 ],
    "size": [ 20, 22 ],
    "layer": 1,
    "alpha": 1
  },
  
  "jukebox_text_panel": {
    "type": "panel",
    "size": [ "100%", 10 ],
    "controls": [
      {
        "jukebox_text_label": {
          "type": "label",
          "anchor_from": "bottom_middle",
          "anchor_to": "bottom_middle",
          "offset": [ 0, 1 ],
          "text_alignment": "center",
          "layer": 31,
          "color": "$rainbow_text_color",
          "text": "#text",
          "shadow": false,
          "alpha": "@hud.anim_item_name_text_alpha",
          "bindings": [
            {
              "binding_name": "#jukebox_text",
              "binding_name_override": "#text"
            }
          ]
        }
      }
    ]
  },
  "jukebox_text@hud.rainbow_text_panel": {
    "size": [ 200, 10 ],
    "anchor_from": "bottom_middle",
    "anchor_to": "bottom_middle",
    "$rainbow_text_control": "hud.jukebox_text_panel"
  },
  "survival_item_name_text@hud.item_name_text": {
    "$offset|default": [ 0, -28 ]
  },
  "survival_above_interact_button_item_text@hud.item_name_text": {
    "offset": [ 0, -38 ]
  },
  "creative_jukebox_popup_text@hud.jukebox_text": {
    "offset": [ 0, -53 ]
  },
  "survival_jukebox_popup_text@hud.jukebox_text": {
    "offset": [ 0, -53 ]
  },
  "creative_jukebox_above_interact_button_popup_text@hud.jukebox_text": {
    "offset": [ 0, -63 ]
  },
  "survival_jukebox_above_interact_button_popup_text@hud.jukebox_text": {
    "offset": [ 0, -63 ]
  },
  "root_panel/boss_health_panel/boss_hud_panel/boss_health_grid": {
    "size": [ 182, "100%" ],
    "grid_item_template": "hud.bar_panel",
    "offset": [ 0, 0 ]
  },
  "root_panel/centered_gui_elements_at_bottom_middle": {
    "offset": [ 0, 2 ]
  },
  "rainbow_base": {
    "anim_type": "offset",
    "easing": "linear",
    "duration": 0.05,
    "from": "$offset",
    "to": "$offset"
  },
  "rainbow_01@hud.rainbow_base": { "next": "@hud.rainbow_02", "$offset": [ 0, 0 ] },
  "rainbow_02@hud.rainbow_base": { "next": "@hud.rainbow_03", "$offset": [ 0, -10 ] },
  "rainbow_03@hud.rainbow_base": { "next": "@hud.rainbow_04", "$offset": [ 0, -20 ] },
  "rainbow_04@hud.rainbow_base": { "next": "@hud.rainbow_05", "$offset": [ 0, -30 ] },
  "rainbow_05@hud.rainbow_base": { "next": "@hud.rainbow_06", "$offset": [ 0, -40 ] },
  "rainbow_06@hud.rainbow_base": { "next": "@hud.rainbow_07", "$offset": [ 0, -50 ] },
  "rainbow_07@hud.rainbow_base": { "next": "@hud.rainbow_08", "$offset": [ 0, -60 ] },
  "rainbow_08@hud.rainbow_base": { "next": "@hud.rainbow_09", "$offset": [ 0, -70 ] },
  "rainbow_09@hud.rainbow_base": { "next": "@hud.rainbow_10", "$offset": [ 0, -80 ] },
  "rainbow_10@hud.rainbow_base": { "next": "@hud.rainbow_11", "$offset": [ 0, -90 ] },
  "rainbow_11@hud.rainbow_base": { "next": "@hud.rainbow_12", "$offset": [ 0, -100 ] },
  "rainbow_12@hud.rainbow_base": { "next": "@hud.rainbow_13", "$offset": [ 0, -110 ] },
  "rainbow_13@hud.rainbow_base": { "next": "@hud.rainbow_14", "$offset": [ 0, -120 ] },
  "rainbow_14@hud.rainbow_base": { "next": "@hud.rainbow_15", "$offset": [ 0, -130 ] },
  "rainbow_15@hud.rainbow_base": { "next": "@hud.rainbow_16", "$offset": [ 0, -140 ] },
  "rainbow_16@hud.rainbow_base": { "next": "@hud.rainbow_17", "$offset": [ 0, -150 ] },
  "rainbow_17@hud.rainbow_base": { "next": "@hud.rainbow_18", "$offset": [ 0, -160 ] },
  "rainbow_18@hud.rainbow_base": { "next": "@hud.rainbow_19", "$offset": [ 0, -170 ] },
  "rainbow_19@hud.rainbow_base": { "next": "@hud.rainbow_20", "$offset": [ 0, -180 ] },
  "rainbow_20@hud.rainbow_base": { "next": "@hud.rainbow_21", "$offset": [ 0, -190 ] },
  "rainbow_21@hud.rainbow_base": { "next": "@hud.rainbow_22", "$offset": [ 0, -200 ] },
  "rainbow_22@hud.rainbow_base": { "next": "@hud.rainbow_23", "$offset": [ 0, -210 ] },
  "rainbow_23@hud.rainbow_base": { "next": "@hud.rainbow_24", "$offset": [ 0, -220 ] },
  "rainbow_24@hud.rainbow_base": { "next": "@hud.rainbow_25", "$offset": [ 0, -230 ] },
  "rainbow_25@hud.rainbow_base": { "next": "@hud.rainbow_26", "$offset": [ 0, -240 ] },
  "rainbow_26@hud.rainbow_base": { "next": "@hud.rainbow_27", "$offset": [ 0, -250 ] },
  "rainbow_27@hud.rainbow_base": { "next": "@hud.rainbow_28", "$offset": [ 0, -260 ] },
  "rainbow_28@hud.rainbow_base": { "next": "@hud.rainbow_29", "$offset": [ 0, -270 ] },
  "rainbow_29@hud.rainbow_base": { "next": "@hud.rainbow_30", "$offset": [ 0, -280 ] },
  "rainbow_30@hud.rainbow_base": { "next": "@hud.rainbow_31", "$offset": [ 0, -290 ] },
  "rainbow_31@hud.rainbow_base": { "next": "@hud.rainbow_32", "$offset": [ 0, -300 ] },
  "rainbow_32@hud.rainbow_base": { "next": "@hud.rainbow_33", "$offset": [ 0, -310 ] },
  "rainbow_33@hud.rainbow_base": { "next": "@hud.rainbow_34", "$offset": [ 0, -320 ] },
  "rainbow_34@hud.rainbow_base": { "next": "@hud.rainbow_35", "$offset": [ 0, -330 ] },
  "rainbow_35@hud.rainbow_base": { "next": "@hud.rainbow_36", "$offset": [ 0, -340 ] },
  "rainbow_36@hud.rainbow_base": { "next": "@hud.rainbow_37", "$offset": [ 0, -350 ] },
  "rainbow_37@hud.rainbow_base": { "next": "@hud.rainbow_38", "$offset": [ 0, -360 ] },
  "rainbow_38@hud.rainbow_base": { "next": "@hud.rainbow_39", "$offset": [ 0, -370 ] },
  "rainbow_39@hud.rainbow_base": { "next": "@hud.rainbow_40", "$offset": [ 0, -380 ] },
  "rainbow_40@hud.rainbow_base": { "next": "@hud.rainbow_01", "$offset": [ 0, -390 ] },
  "rainbow_text_panel": {
    "type": "panel",
    "size": [ "100%", 10 ],
    "clips_children": true,
    "controls": [
      { "rainbow_text_stack_panel@hud.rainbow_text_stack_panel": { } }
    ]
  },
  "rainbow_text_stack_panel": {
    "type": "stack_panel",
    "anchor_from": "top_left",
    "anchor_to": "top_left",
    "size": [ "100%", "100%c" ],
    "offset": "@hud.rainbow_01",
    "$rainbow_text_control|default": "",
    "controls": [
      { "01@$rainbow_text_control": { "$rainbow_text_color": [ 0.250, 1.000, 1.000 ] } },
      { "02@$rainbow_text_control": { "$rainbow_text_color": [ 0.250, 1.000, 0.900 ] } },
      { "03@$rainbow_text_control": { "$rainbow_text_color": [ 0.250, 1.000, 0.800 ] } },
      { "04@$rainbow_text_control": { "$rainbow_text_color": [ 0.250, 1.000, 0.700 ] } },
      { "05@$rainbow_text_control": { "$rainbow_text_color": [ 0.250, 1.000, 0.600 ] } },
      { "06@$rainbow_text_control": { "$rainbow_text_color": [ 0.250, 1.000, 0.500 ] } },
      { "07@$rainbow_text_control": { "$rainbow_text_color": [ 0.250, 1.000, 0.400 ] } },
      { "08@$rainbow_text_control": { "$rainbow_text_color": [ 0.250, 1.000, 0.250 ] } },
      { "09@$rainbow_text_control": { "$rainbow_text_color": [ 0.375, 1.000, 0.250 ] } },
      { "10@$rainbow_text_control": { "$rainbow_text_color": [ 0.500, 1.000, 0.250 ] } },
      { "11@$rainbow_text_control": { "$rainbow_text_color": [ 0.625, 1.000, 0.250 ] } },
      { "12@$rainbow_text_control": { "$rainbow_text_color": [ 0.750, 1.000, 0.250 ] } },
      { "13@$rainbow_text_control": { "$rainbow_text_color": [ 0.875, 1.000, 0.250 ] } },
      { "14@$rainbow_text_control": { "$rainbow_text_color": [ 1.000, 1.000, 0.250 ] } },
      { "15@$rainbow_text_control": { "$rainbow_text_color": [ 1.000, 0.900, 0.250 ] } },
      { "16@$rainbow_text_control": { "$rainbow_text_color": [ 1.000, 0.800, 0.250 ] } },
      { "17@$rainbow_text_control": { "$rainbow_text_color": [ 1.000, 0.700, 0.250 ] } },
      { "18@$rainbow_text_control": { "$rainbow_text_color": [ 1.000, 0.600, 0.250 ] } },
      { "19@$rainbow_text_control": { "$rainbow_text_color": [ 1.000, 0.500, 0.250 ] } },
      { "20@$rainbow_text_control": { "$rainbow_text_color": [ 1.000, 0.400, 0.250 ] } },
      { "21@$rainbow_text_control": { "$rainbow_text_color": [ 1.000, 0.250, 0.250 ] } },
      { "22@$rainbow_text_control": { "$rainbow_text_color": [ 1.000, 0.250, 0.400 ] } },
      { "23@$rainbow_text_control": { "$rainbow_text_color": [ 1.000, 0.250, 0.500 ] } },
      { "24@$rainbow_text_control": { "$rainbow_text_color": [ 1.000, 0.250, 0.600 ] } },
      { "25@$rainbow_text_control": { "$rainbow_text_color": [ 1.000, 0.250, 0.700 ] } },
      { "26@$rainbow_text_control": { "$rainbow_text_color": [ 1.000, 0.250, 0.800 ] } },
      { "27@$rainbow_text_control": { "$rainbow_text_color": [ 1.000, 0.250, 0.900 ] } },
      { "28@$rainbow_text_control": { "$rainbow_text_color": [ 1.000, 0.250, 1.000 ] } },
      { "29@$rainbow_text_control": { "$rainbow_text_color": [ 0.875, 0.250, 1.000 ] } },
      { "30@$rainbow_text_control": { "$rainbow_text_color": [ 0.750, 0.250, 1.000 ] } },
      { "31@$rainbow_text_control": { "$rainbow_text_color": [ 0.625, 0.250, 1.000 ] } },
      { "32@$rainbow_text_control": { "$rainbow_text_color": [ 0.500, 0.250, 1.000 ] } },
      { "33@$rainbow_text_control": { "$rainbow_text_color": [ 0.375, 0.250, 1.000 ] } },
      { "34@$rainbow_text_control": { "$rainbow_text_color": [ 0.250, 0.250, 1.000 ] } },
      { "35@$rainbow_text_control": { "$rainbow_text_color": [ 0.250, 0.400, 1.000 ] } },
      { "36@$rainbow_text_control": { "$rainbow_text_color": [ 0.250, 0.500, 1.000 ] } },
      { "37@$rainbow_text_control": { "$rainbow_text_color": [ 0.250, 0.600, 1.000 ] } },
      { "38@$rainbow_text_control": { "$rainbow_text_color": [ 0.250, 0.700, 1.000 ] } },
      { "39@$rainbow_text_control": { "$rainbow_text_color": [ 0.250, 0.800, 1.000 ] } },
      { "40@$rainbow_text_control": { "$rainbow_text_color": [ 0.250, 0.900, 1.000 ] } }
    ]
  }
}
