{
  "namespace": "progress",

  "fancy_progress_loading_bars": {
    "type": "panel",
    "anchor_from": "center",
    "anchor_to": "center",
    "size": [ "90%", 5 ],
    "layer": 5,
    "controls": [
      {
        "full_progress_bar_icon@achievement.full_progress_bar_icon_base": {
          "layer": 2,
          "bindings": [
            {
              "binding_name": "#loading_bar_percentage",
              "binding_name_override": "#clip_ratio"
            }
          ]
        }
      },
      {
        "empty_progress_bar_icon@achievement.empty_progress_bar_icon": {
          "layer": 1
        }
      },
      {
        "progress_bar_nub@achievement.progress_bar_nub": {
          "size": [ "100% - 10px", 5 ],
          "tiled_scale": [ 0.5, 0.5 ],
          "layer": 4
        }
      }
    ],
    "bindings": [
      {
        "binding_name": "#loading_bar_visible",
        "binding_name_override": "#visible"
      }
    ]
  },
  
  "modal_progress_screen@progress_screen": {
    "$screen_content": "progress.modal_screen_content"
  },

  "realms_loading_progress_screen@progress_screen": {
    "$screen_content": "progress.progress_screen_content",
    "$screen_bg_content": "common.portal_background"
  },

  "world_loading_progress_screen@progress_screen": {
    "$screen_content": "progress.world_convert_modal_progress_screen_content"
  },

  "world_loading_screen_background@common.dirt_background": {
    "tiled_scale": [ 1, 1 ]
  },

  "overworld_loading_background@world_loading_screen_background": {
    "texture": "textures/blocks/dirt",
    "color": [0.3, 0.3, 0.3],
    "controls": [
      {
        "background_gradient": {
          "type": "custom",
          "renderer": "gradient_renderer",
          "color1": [ 0, 0, 0, 0 ],
          "color2": [ 0, 0, 0, 0 ],
          "ignored": "$is_holographic"
        }
      }
    ]
  },

  "overworld_loading_progress_screen@world_loading_progress_screen": {
    "$screen_bg_content": "progress.overworld_loading_background"
  },

  "nether_loading_background@world_loading_screen_background": {
    "texture": "textures/blocks/dirt",
    "color": [0.3, 0.3, 0.3],
    "controls": [
      {
        "background_gradient": {
          "type": "custom",
          "renderer": "gradient_renderer",
          "color1": [ 0, 0, 0, 0 ],
          "color2": [ 0, 0, 0, 0 ],
          "ignored": "$is_holographic"
        }
      }
    ]
  },

  "nether_loading_progress_screen@world_loading_progress_screen": {
    "$screen_bg_content": "progress.nether_loading_background"
  },

  "theend_loading_background@world_loading_screen_background": {
    "texture": "textures/blocks/dirt",
    "color": [0.3, 0.3, 0.3],
    "controls": [
      {
        "background_gradient": {
          "type": "custom",
          "renderer": "gradient_renderer",
          "color1": [ 0, 0, 0, 0 ],
          "color2": [ 0, 0, 0, 0 ],
          "ignored": "$is_holographic"
        }
      }
    ]
  }
}