{
  "namespace": "start",
  "panorama_overlay": {
    "type": "image",
    "texture": "textures/ui/panorama_overlay",
    "layer": 3,
    "size": [ "100%c", "100%" ]
  },
  "start_screen_content": {
    "controls": [
      {
        "panorama_overlay@start.panorama_overlay": {}
      },
      {
        "skin_panel@start.skin_panel": { "layer": 1 }
      },
      {
        "main_buttons_and_title_panel@start.main_buttons_stack_panel": {}
      },
      {
        "online_buttons_panel@start.online_buttons_panel": {}
      },
      {
        "text_panel@start.text_panel": {}
      },
      {
        "realms_pending_invite_panel@start.realms_pending_invite_panel": {
          "anchor_from": "top_left",
          "anchor_to": "top_left"
        }
      }
    ]
  }
}