{
  "namespace": "trade2_pocket",

  "name_and_trade_slots_stack_panel": {
    "type": "stack_panel",
    "size": [ "100%", "100%" ],
    "orientation": "vertical",
    "controls": [
      {
        "padding_1": {
          "type": "panel",
          "size": [ 0, 8 ]
        }
      },
      {
        "villager_name_label_holder": {
          "type": "panel",
          "size": [ "100%", "100%c" ],
          "controls": [
            {
              "villager_name_label@trade2.villager_name_label": {
                "offset": [ 0, 0 ],
                "anchor_from": "center",
                "anchor_to": "center"
              }
            }
          ]
        }
      },
      {
        "padding_2": {
          "type": "panel",
          "size": [ 0, 4 ]
        }
      },
      {
        "exp_progress_bar_holder": {
          "type": "panel",
          "size": [ "100%", "100%c" ],
          "controls": [
            {
              "exp_progress_bar@trade2.exp_progress_bar": {
                "size": [ 102, 5 ],
                "offset": [ 0, 0 ]
              }
            }
          ]
        }
      },
      {
        "padding_3": {
          "type": "panel",
          "size": [ 0, 8 ]
        }
      },
      {
        "trade_slots_panel@trade2_pocket.trade_slots_panel": {
          "size": [ "100%", "fill" ]
        }
      },
      {
        "padding_4": {
          "type": "panel",
          "size": [ 0, 2 ]
        }
      },
      { "trade_and_help_buttons@trade2_pocket.trade_and_help_buttons": {} }
    ]
  }
}