{
  "format_version": [
    1,
    1,
    0
  ],
  "grass": {
    "isotropic": {
      "up": true,
      "down": true
    },
    "textures": {
      "up": "grass_top",
      "down": "grass_bottom",
      "side": "grass_side"
    },
    "carried_textures": {
      "up": "grass_carried_top",
      "down": "grass_carried_bottom",
      "side": "grass_carried"
    },
    "sound": "grass"
  },
  "dirt": {
    "isotropic": true,
    "textures": "dirt",
    "sound": "gravel"
  },
  "lava": {
    "isotropic": false,
    "textures": {
      "up": "still_lava",
      "down": "still_lava",
      "side": "flowing_lava"
    }
  },
  "sand": {
    "isotropic": true,
    "textures": "sand",
    "brightness_gamma": 0.55,
    "sound": "sand"
  },
  "leaves": {
    "isotropic": {
      "up": false,
      "down": false
    },
    "textures": "leaves",
    "carried_textures": "leaves_carried",
    "brightness_gamma": 0.80,
    "sound": "grass"
  },
  "leaves2": {
    "isotropic": {
      "up": false,
      "down": false
    },
    "textures": "leaves2",
    "carried_textures": "leaves_carried2",
    "brightness_gamma": 0.80,
    "sound": "grass"
  },
  "sponge": {
    "isotropic": false,
    "textures": "sponge",
    "sound": "grass"
  },
  "sandstone": {
    "isotropic": {
      "up": false,
      "down": false
    },
    "textures": {
      "up": "sandstone_top",
      "down": "sandstone_bottom",
      "side": "sandstone_side"
    },
    "brightness_gamma": 0.70,
    "sound": "stone"
  },
  "obsidian": {
    "isotropic": false,
    "textures": "obsidian",
    "brightness_gamma": 0.80,
    "sound": "stone"
  },
  "chest": {
    "textures": {
      "up": "chest_inventory_top",
      "down": "wood_oak",
      "north": "chest_inventory_side",
      "south": "chest_inventory_front",
      "west": "chest_inventory_side",
      "east": "chest_inventory_side"
    },
    "sound": "wood"
  },
  "snow_layer": {
    "isotropic": false,
    "textures": "snow",
    "sound": "snow"
  },
  "snow": {
    "isotropic": false,
    "textures": "snow",
    "sound": "snow"
  },
  "clay": {
    "isotropic": false,
    "textures": "clay",
    "sound": "gravel"
  },
  "netherrack": {
    "isotropic": true,
    "textures": "netherrack"
  },
  "magma": {
    "isotropic": false,
    "textures": "magma"
  },
  "soul_sand": {
    "textures": "soul_sand"
  },
  "glowstone": {
    "isotropic": false,
    "textures": "glowstone"
  },
  "melon_block": {
    "textures": {
      "up": "melon_top",
      "down": "melon_top",
      "side": "melon_side"
    }
  },
  "sandstone_stairs": {
    "isotropic": {
      "up": false,
      "down": false
    },
    "textures": {
      "up": "sandstone_top",
      "down": "sandstone_bottom",
      "side": "sandstone_side"
    }
  },
  "trapped_chest": {
    "textures": {
      "up": "chest_inventory_top",
      "down": "wood_oak",
      "north": "chest_inventory_side",
      "south": "trapped_chest_inventory_front",
      "west": "chest_inventory_side",
      "east": "chest_inventory_side"
    }
  },
  "stained_hardened_clay": {
    "isotropic": false,
    "textures": "stained_clay",
    "sound": "stone"
  },
  "hardened_clay": {
    "isotropic": false,
    "textures": "hardened_clay",
    "sound": "stone"
  },
  "red_sandstone": {
    "isotropic": {
      "up": false,
      "down": true
    },
    "textures": {
      "up": "redsandstone_top",
      "down": "redsandstone_bottom",
      "side": "redsandstone_side"
    },
    "brightness_gamma": 0.70,
    "sound": "stone"
  },
  "red_sandstone_stairs": {
    "isotropic": {
      "up": false,
      "down": false
    },
    "textures": {
      "up": "redsandstone_top",
      "down": "redsandstone_bottom",
      "side": "redsandstone_side"
    }
  },
  "grass_path": {
    "isotropic": {
      "up": true,
      "down": true
    },
    "textures": {
      "up": "grass_path_top",
      "down": "dirt",
      "side": "grass_path_side"
    },
    "sound": "grass"
  },
  "podzol": {
    "isotropic": {
      "up": true,
      "down": true
    },
    "textures": {
      "up": "dirt_podzol_top",
      "down": "dirt_podzol_bottom",
      "side": "dirt_podzol_side"
    },
    "sound": "gravel"
  },
  "beetroot": {
    "textures": "beetroot",
    "sound": "grass"
  },
  "observer": {
    "textures": {
      "up": "observer_top",
      "down": "observer_bottom",
      "north": "observer_north",
      "south": "observer_south",
      "west": "observer_west",
      "east": "observer_east"
    },
    "sound": "metal"
  },
  "ender_chest": {
    "textures": {
      "up": "ender_chest_inventory_top",
      "down": "obsidian",
      "north": "ender_chest_inventory_side",
      "south": "ender_chest_inventory_front",
      "west": "ender_chest_inventory_side",
      "east": "ender_chest_inventory_side"
    }
  },
  "concrete": {
    "sound": "stone",
    "textures": "concrete"
  },
  "concretePowder": {
    "sound": "sand",
    "textures": "concretePowder"
  },
  "bamboo": {
    "textures": {
      "up": "bamboo_leaf",
      "down": "bamboo_stem",
      "north": "bamboo_stem",
      "south": "bamboo_small_leaf",
      "east": "bamboo_singleleaf",
      "west": "bamboo_stem"
    },
    "carried_textures": "bamboo_carried",
    "sound": "bamboo"
  },
  "bamboo_sapling": {
    "textures": "bamboo_sapling",
    "carried_textures": "bamboo_carried",
    "sound": "bamboo_sapling"
  },
  "scaffolding": {
    "textures": {
      "up": "scaffolding_top",
      "down": "scaffolding_bottom",
      "side": "scaffolding_side"
    },
    "isotropic": false,
    "sound": "scaffolding"
  },
  "crimson_nylium": {
    "isotropic": {
      "up": false,
      "down": true
    },
    "textures": {
      "up": "crimson_nylium_top",
      "down": "netherrack",
      "north": "crimson_nylium_side",
      "south": "crimson_nylium_side",
      "west": "crimson_nylium_side",
      "east": "crimson_nylium_side"
    },
    "sound": "nylium"
  },
  "warped_nylium": {
    "isotropic": {
      "up": false,
      "down": true
    },
    "textures": {
      "up": "warped_nylium_top",
      "down": "netherrack",
      "north": "warped_nylium_side",
      "south": "warped_nylium_side",
      "west": "warped_nylium_side",
      "east": "warped_nylium_side"
    },
    "sound": "nylium"
  },
  "crying_obsidian": {
    "isotropic": false,
    "textures": "crying_obsidian",
    "brightness_gamma": 2.00,
    "sound": "stone"
  }
}