{
	"format_version" : "1.10.0",
	"animations" : {
		"animation.drowned.attack.rotations" : {
			"loop" : true,
			"bones" : {
				"body" : {
					"rotation" : [ 0.0, "math.sin(math.sqrt(variable.attack_time) * 360.0) * 11.46", 0.0 ]
				},
				"leftarm" : {
					"rotation" : [ "-(math.sin(-(1.0 - (1.0 - variable.attack_time) * (1.0 - variable.attack_time)) * 180.0) + math.sin(variable.attack_time * 180.0)) * 5.73", 0.0, 0.0 ]
				},
				"rightarm" : {
					"rotation" : [ "-(math.sin(-(1.0 - (1.0 - variable.attack_time) * (1.0 - variable.attack_time)) * 180.0) * 34.38 + math.sin(variable.attack_time * 180.0) * 28.65) * (variable.is_brandishing_spear ? -2.5 : 1.0 )", "variable.is_brandishing_spear ? 0.0 : math.sin(math.sqrt(variable.attack_time) * 360.0) * 22.92", 0.0 ]
				}
			}
		},
		"animation.drowned.attack_fixed": {
			"loop": true,
			"bones": {
			    "leftarm": {
			        "rotation" : [ -30, 0, 0 ]
				},
				"rightarm" : {
					"rotation" : [ 30, 0, 0 ]
				}
			}
		},
		"animation.drowned.brandish_spear" : {
			"loop" : true,
			"bones" : {
				"rightarm" : {
					"rotation" : [ "this * -0.5 - 157.5 - 22.5 * variable.charge_amount + 30", "-this", 0.0 ]
				}
			}
		},
		"animation.drowned.swimming" : {
			"loop" : true,
			"bones" : {
				"head" : {
					"rotation" : [ "query.target_x_rotation + 20", 0.0, 0.0 ]
					},
				"body" : {
					"rotation" : [ "variable.swim_amount * (20.0 + 0.2 * query.target_x_rotation)", 0.0, 0.0 ]
				}
			}
		}
	}
}
