{
	"format_version" : "1.8.0",
	"animations" : {
		"animation.drowned.attack.rotations.v1.0" : {
			"loop" : true,
			"bones" : {
				"body" : {
					"rotation" : [ 0.0, "math.sin(math.sqrt(variable.attack_time) * 360.0) * 11.46", 0.0 ]
				},
				"leftarm" : {
					"rotation" : [ "-(math.sin(-(1.0 - (1.0 - variable.attack_time) * (1.0 - variable.attack_time)) * 180.0) + math.sin(variable.attack_time * 180.0)) * 5.73", "math.sin(math.sqrt(variable.attack_time) * 360.0) * 11.46", 0.0 ]
				},
				"rightarm" : {
					"rotation" : [ "-(math.sin(-(1.0 - (1.0 - variable.attack_time) * (1.0 - variable.attack_time)) * 180.0) * 34.38 + math.sin(variable.attack_time * 180.0) * 28.65) * (variable.is_brandishing_spear ? -2.5 : 1.0 )", "variable.is_brandishing_spear ? 0.0 : math.sin(math.sqrt(variable.attack_time) * 360.0) * 22.92", 0.0 ]
				}
			}
		},
		"animation.drowned.attack_fixed.v1.0": {
			"loop": true,
			"bones": {
			    "leftarm": {
			        "rotation" : [ -30, 0, 0 ]
				},
				"rightarm" : {
					"rotation" : [ 30, 0, 0 ]
				}
			}
		},
		"animation.drowned.swimming.v1.0" : {
			"loop" : true,
			"bones" : {
				"head" : {
					"rotation" : [ 20, 0.0, 0.0 ]
					},
				"hat" : {
					"rotation" : [ 20, 0.0, 0.0 ]
					},
				"leftarm" : {
					"rotation" : [ "math.lerp(this, -180.0, variable.swim_amount) - (variable.swim_amount * ((math.sin(variable.attack_time * 180.0) * 57.3) * 1.2 - (math.sin((1.0 - (1.0 - variable.attack_time) * (1.0 - variable.attack_time)) * 180.0) * 57.3) * 0.4)) - (variable.swim_amount * (math.sin(query.life_time * 76.776372) * 2.865)) - this + variable.tcos0 + 30", "math.lerp(this, -14.325, variable.swim_amount) - this", "math.lerp(this, 14.325, variable.swim_amount) - (variable.swim_amount * (math.cos(query.life_time * 103.13244) * 2.865 + 2.865)) - this" ]
				},
				"leftleg" : {
					"rotation" : [ "-math.lerp(this, math.cos(query.life_time * 390.0) * 0.3, variable.swim_amount)", 0.0, 0.0 ]
				},
				"rightarm" : {
					"rotation" : [ "math.lerp(this, -180.0, variable.swim_amount) - (variable.swim_amount * ((math.sin(variable.attack_time * 180.0) * 57.3) * 1.2 - (math.sin((1.0 - (1.0 - variable.attack_time) * (1.0 - variable.attack_time)) * 180.0) * 57.3) * 0.4)) + (variable.swim_amount * (math.sin(query.life_time * 76.776372) * 2.865)) - this - variable.tcos0 + 30", "math.lerp(this, 14.325, variable.swim_amount) - this", "math.lerp(this, -14.325, variable.swim_amount) + (variable.swim_amount * (math.cos(query.life_time * 103.13244) * 2.865 + 2.865)) - this" ]
				},
				"rightleg" : {
					"rotation" : [ "math.lerp(this, math.cos(query.life_time * 390.0) * 0.3, variable.swim_amount)", 0.0, 0.0 ]
				},
				"root" : {
					"position" : [ 0.0, "variable.swim_amount * -10.0 - this", "variable.swim_amount * 9.0 - this" ],
					"rotation" : [ "variable.swim_amount * (20.0 + 0.2 * query.target_x_rotation)", 0.0, 0.0 ]
				}
			}
		}
	}
}
