{
  "format_version" : "1.8.0",
  "animations" : {
    "animation.wolf.sitting" : {
      "loop" : true,
      "bones" : {
        "body" : {
          "position" : [ "-this", "-18 - this", "-this" ],
          "rotation" : [ "45.0 - this", 0.0, 0.0 ]
        },
        "leg0" : {
          "position" : [ "-2.5 - this", "-22 - this", "2 - this" ],
          "rotation" : [ "270 - this", 0.0, 0.0 ]
        },
        "leg1" : {
          "position" : [ "0.5 - this", "-22 - this", "2 - this" ],
          "rotation" : [ "270 - this", 0.0, 0.0 ]
        },
        "leg2" : {
          "position" : [ "-2.49 - this", "-17 - this", "-4 - this" ],
          "rotation" : [ "333 - this", 0.0, 0.0 ]
        },
        "leg3" : {
          "position" : [ "0.51 - this", "-17 - this", "-4 - this" ],
          "rotation" : [ "333 - this", 0.0, 0.0 ]
        },
        "tail" : {
          "position" : [ "-1.0 - this", "-21 - this", "6.0 - this" ]
        },
        "upperbody" : {
          "position" : [ "-1.0 - this", "-16 - this", "-3.0 - this" ],
          "rotation" : [ "72 - this", "-this", 0.0 ]
        }
      }
    },
    "animation.wolf.tail_default" : {
      "loop" : true,
      "bones" : {
        "tail" : {
          "rotation" : [ "query.tail_angle * 57.3 - this", 0.0, "variable.tail_rot_z - this" ]
        }
      }
    }
  }
}
