{
	"format_version" : "1.8.0",
	"animations" : {
		"animation.zombified_piglin.move" : {
			"loop" : true,
			"bones" : {
				"leftear": {
					"rotation" : [ 0.0, 0.0, "variable.tcos0 * 0.5" ]
				},
				"rightear": {
					"rotation" : [ 0.0, 0.0, "variable.tcos0 * 0.5" ]
				},
				"leftarm" : {
					"rotation" : [ "variable.tcos0", 0.0, 0.0 ]
				},
				"leftleg" : {
					"rotation" : [ "variable.tcos0 * -1.4", 0.0, 0.0 ]
				},
				"rightarm" : {
					"rotation" : [ "-variable.tcos0", 0.0, 0.0 ]
				},
				"rightleg" : {
					"rotation" : [ "variable.tcos0 * 1.4", 0.0, 0.0 ]
				}
			}
		}
	}
}
