{
  "format_version": "1.10.0",
  "minecraft:client_entity": {
    "description": {
      "identifier": "minecraft:fishing_hook",
      "materials": {
        "default": "fishing_hook"
      },
      "textures": {
        "default": "textures/entity/fishhook_particle"
      },
      "geometry": {
        "default": "geometry.fishing_hook"
      },
      "render_controllers": [ "controller.render.fishing_hook" ],
      "animations": {
        "flying": "animation.actor.billboard"
      },
      "scripts": {
        "animate": [
          "flying"
        ]
      }
    }
  }
}
